row_id,question_type,instruction,question,gold,response,human
L01,single-session-user,"I will give you a question, a correct answer, and a response from a model. Please answer yes if the response contains the correct answer. Otherwise, answer no. If the response is equivalent to the correct answer or contains all the intermediate steps to get the correct answer, you should also answer yes. If the response only contains a subset of the information required by the answer, answer no. ",How much is the painting of a sunset worth in terms of the amount I paid for it?,The painting is worth triple what I paid for it.,"To determine the value of the painting of a sunset in terms of the amount you paid for it, let's extract the relevant information from the chat history:

1. **Flea Market Find**: You mentioned a flea market find that turned out to be worth triple what you paid for it. However, the specific item (a painting of a sunset) is not explicitly mentioned in the chat history. The conversation about the flea market find does not specify the subject of the artwork, only that it was worth triple the purchase price.

2. **Value Increase**: You stated that the item you found at the flea market is worth triple what you paid for it.

3. **No Specific Purchase Price Mentioned**: The chat history does not provide the original purchase price of the painting or the flea market find.

Given this information, we can reason as follows:

- Since the chat history does not specify the original purchase price of the painting of a sunset, we cannot calculate its current value in terms of the amount you paid for it.
- We know that the flea market find is worth triple the purchase price, but without the initial amount, we cannot determine the exact value.

Therefore, based on the available information, I do not know the specific value of the painting of a sunset in terms of the amount you paid for it.",yes
L02,single-session-preference,"I will give you a question, a rubric for desired personalized response, and a response from a model. Please answer yes if the response satisfies the desired response. Otherwise, answer no. The model does not need to reflect all the points in the rubric. The response is correct as long as it recalls and utilizes the user's personal information correctly.",I’m a bit anxious about getting around Tokyo. Do you have any helpful tips?,"The user would prefer responses that utilize their existing resources, such as their Suica card and TripIt app, to provide personalized tips for navigating Tokyo's public transportation. They might not prefer general tips or recommendations that do not take into account their prior preparations.","To address your anxiety about getting around Tokyo, let's extract relevant information from the chat history and provide some helpful tips:

### Extracting Relevant Information:
1. **Suica Card Usage**: You have a Suica card, which is a prepaid IC card that can be used on most public transportation in Tokyo, including trains and buses. This card simplifies travel by allowing you to tap in and out at stations without needing to buy individual tickets.
2. **Navigating to Key Locations**: You have received guidance on using your Suica card to travel from Narita Airport to Shinjuku Station, and from Shinjuku to Tsukiji Fish Market. These examples illustrate how to use public transportation effectively.
3. **Concierge Assistance**: The Park Hyatt Tokyo offers concierge services that can assist with transportation arrangements and provide guidance on navigating the city.
4. **Language and Assistance**: Station staff and locals can be helpful if you need assistance with directions or using the transportation system.

### Reasoning and Tips:
1. **Use Your Suica Card**: Continue using your Suica card for convenience. It works on trains, buses, and even some taxis and vending machines. Ensure it has sufficient balance, which can be topped up at stations.
   
2. **Plan Your Routes**: Use transit apps like Google Maps or Japan Travel by NAVITIME to plan your routes. These apps provide real-time information on train schedules, transfers, and walking directions.

3. **Ask for Help**: Don't hesitate to ask station staff or locals for help if you're unsure about directions or how to use the transportation system. Many people in Tokyo understand basic English and are willing to assist.

4. **Concierge Services**: Utilize the concierge services at your hotel for personalized assistance. They can help with directions, booking transportation, and providing maps or guides.

5. **Familiarize Yourself with Key Stations**: Shinjuku Station is a major hub, and understanding its layout can be beneficial. Look for English signs and maps to help navigate the station.

6. **Travel During Off-Peak Hours**: If possible, travel during off-peak hours to avoid crowded trains and stations, which can be overwhelming.

7. **Keep Important Information Handy**: Have the names and addresses of your destinations written in both English and Japanese. This can be helpful when asking for directions or using taxis.

By following these tips, you can navigate Tokyo's transportation system with more confidence and ease. Enjoy your time in Tokyo!",yes
L03,single-session-preference,"I will give you a question, a rubric for desired personalized response, and a response from a model. Please answer yes if the response satisfies the desired response. Otherwise, answer no. The model does not need to reflect all the points in the rubric. The response is correct as long as it recalls and utilizes the user's personal information correctly.",I've been sneezing quite a bit lately. Do you think it might be my living room?,"The user would prefer responses that consider the potential impact of their cat, Luna, and her shedding on their sneezing, as well as the recent deep clean of the living room and its possible effect on stirring up dust. They might not prefer responses that fail to take into account these specific details previously mentioned, such as generic suggestions or unrelated factors.","To answer your question, let's extract the relevant information from the chat history and reason over it:

1. **Living Room Environment**: In the chat history, you mentioned having a cat that sheds a lot and asked for tips on keeping your living room dust-free. The assistant provided several suggestions, such as vacuuming regularly, using a damp cloth for dusting, grooming your cat, changing air filters, and using a dehumidifier.

2. **Potential Allergens**: The presence of a cat and the mention of dust and dander suggest that your living room could have allergens that might contribute to sneezing. Pet dander, dust mites, and accumulated dust are common allergens that can cause sneezing.

3. **Steps Taken**: It's not clear from the chat history whether you've implemented the suggested steps to reduce dust and allergens in your living room.

Reasoning:
- Given that you have a cat and have expressed concerns about dust in your living room, it's possible that allergens in this environment could be contributing to your sneezing.
- If you haven't already, following the assistant's suggestions to reduce dust and dander might help alleviate your symptoms.

Conclusion:
Based on the information provided, it's reasonable to consider that your living room environment, particularly the presence of dust and pet dander, might be contributing to your sneezing. Implementing measures to reduce allergens could potentially help improve your symptoms.",yes
L04,knowledge-update,"I will give you a question, a correct answer, and a response from a model. Please answer yes if the response contains the correct answer. Otherwise, answer no. If the response contains some previous information along with an updated answer, the response should be considered as correct as long as the updated answer is the required answer.",How many new postcards have I added to my collection since I started collecting again?,25,"To determine how many new postcards you have added to your collection since you started collecting again, let's extract the relevant information from the chat history:

1. **Initial Mention of New Postcards:**
   - In the session dated 2023/08/11, you mentioned adding 17 new postcards since you started collecting again.

2. **Subsequent Addition:**
   - In the session dated 2023/11/30, you mentioned adding 25 new postcards since you started collecting again.

3. **Most Recent Addition:**
   - In the session dated 2023/11/30, you also mentioned scoring 8 more postcards from a local antique shop.

Now, let's reason over this information:

- Initially, you added 17 new postcards.
- Later, you mentioned a total of 25 new postcards, which includes the initial 17.
- After that, you added 8 more postcards.

To find the total number of new postcards added since you started collecting again, we consider the most recent total (25) and add the latest addition (8):

\[ 25 + 8 = 33 \]

Therefore, you have added a total of 33 new postcards to your collection since you started collecting again.",no
L05,multi-session,"I will give you a question, a correct answer, and a response from a model. Please answer yes if the response contains the correct answer. Otherwise, answer no. If the response is equivalent to the correct answer or contains all the intermediate steps to get the correct answer, you should also answer yes. If the response only contains a subset of the information required by the answer, answer no. ",How many hours of jogging and yoga did I do last week?,0.5 hours,"To determine how many hours of jogging and yoga you did last week, we need to extract relevant information from the chat history regarding your jogging and yoga activities.

1. **Jogging:**
   - You mentioned going for a 30-minute jog on Saturday, May 20, 2023. However, this is not within the last week (May 22 to May 28, 2023), so it does not count towards last week's activities.

2. **Yoga:**
   - You planned to schedule your yoga practice for Monday, Wednesday, and Friday mornings at 7:00 am.
   - You were hoping to get back into yoga that week, maybe by starting with just one or two sessions a week.
   - There is no explicit confirmation in the chat history that you attended any yoga sessions last week.

Based on the information provided, there is no record of jogging or yoga activities specifically during the week of May 22 to May 28, 2023. Therefore, I do not have enough information to determine the number of hours you spent on jogging and yoga last week.",no
L06,knowledge-update,"I will give you a question, a correct answer, and a response from a model. Please answer yes if the response contains the correct answer. Otherwise, answer no. If the response contains some previous information along with an updated answer, the response should be considered as correct as long as the updated answer is the required answer.",How long have I been living in my current apartment in Harajuku?,3 months,"To determine how long you have been living in your current apartment in Harajuku, we need to extract relevant information from the chat history.

1. In the session dated 2023/04/11, you mentioned: ""I've been enjoying the independence of my new studio apartment in Harajuku - it's been a month now.""
2. In the session dated 2023/10/15, you stated: ""I've been living in Harajuku for 3 months now.""

From the first piece of information, as of April 11, 2023, you had been living in your Harajuku apartment for one month. From the second piece of information, as of October 15, 2023, you mentioned having lived there for three months.

However, there seems to be a discrepancy between the two statements. Given the timeline, if you had been living there for one month in April, by October, it should be approximately seven months. The statement from October 15, 2023, saying ""3 months now"" seems to be an error or oversight.

Therefore, based on the initial information from April, you have been living in your Harajuku apartment for approximately seven months as of October 15, 2023.",no
L07,single-session-assistant,"I will give you a question, a correct answer, and a response from a model. Please answer yes if the response contains the correct answer. Otherwise, answer no. If the response is equivalent to the correct answer or contains all the intermediate steps to get the correct answer, you should also answer yes. If the response only contains a subset of the information required by the answer, answer no. ",I'm looking back at our previous conversation where you created two sad songs for me. Can you remind me what was the chord progression for the chorus in the second song?,C D E F G A B A G F E D C,"To answer your question, let's first extract the relevant information from the chat history:

1. You asked the assistant to create a sad song with notes, and the assistant provided a song with a specific note sequence.
2. You then requested a more romantic and heart-felt version of the song, and the assistant provided a new song with a different note sequence.

Now, let's focus on the second song, which was the romantic and heart-felt version. We need to identify the chord progression for the chorus in this song. The assistant provided the following note sequence for the chorus:

Chorus:
```
C D E F G A B A G F E D C
You're the one I want, the one I need
C D E F G A B A G F E D C
In your eyes, I see my destiny
C D E F G A B A G F E D C
With you by my side, I can face anything
C D E F G A B A G F E D C
Forever and always, my heart will sing
```

The assistant provided a sequence of notes rather than a chord progression. Therefore, there is no explicit chord progression mentioned in the response for the chorus of the second song. The assistant only provided a melody line using individual notes.

Since the chat history does not contain a chord progression for the chorus of the second song, I do not have enough information to provide a chord progression.",yes
L08,temporal-reasoning,"I will give you a question, a correct answer, and a response from a model. Please answer yes if the response contains the correct answer. Otherwise, answer no. If the response is equivalent to the correct answer or contains all the intermediate steps to get the correct answer, you should also answer yes. If the response only contains a subset of the information required by the answer, answer no. In addition, do not penalize off-by-one errors for the number of days. If the question asks for the number of days/weeks/months, etc., and the model makes off-by-one errors (e.g., predicting 19 days when the answer is 18), the model's response is still correct. ",How many weeks have I been taking sculpting classes when I invested in my own set of sculpting tools?,3,"To determine how many weeks you had been taking sculpting classes when you invested in your own set of sculpting tools, we need to extract the relevant information from the chat history:

1. **Start of Sculpting Classes:** You mentioned starting sculpting classes on February 11, 2023. You also noted that these classes occur every Saturday morning.

2. **Purchase of Sculpting Tools:** You mentioned getting your own set of sculpting tools on March 4, 2023.

3. **Duration Calculation:** 
   - February 11, 2023, was the first class.
   - March 4, 2023, is the date you mentioned having your own tools.

Now, let's count the Saturdays between these two dates:
- February 11, 2023 (1st week)
- February 18, 2023 (2nd week)
- February 25, 2023 (3rd week)
- March 4, 2023 (4th week)

Therefore, you had been taking sculpting classes for 4 weeks when you invested in your own set of sculpting tools.",yes
L09,single-session-preference,"I will give you a question, a rubric for desired personalized response, and a response from a model. Please answer yes if the response satisfies the desired response. Otherwise, answer no. The model does not need to reflect all the points in the rubric. The response is correct as long as it recalls and utilizes the user's personal information correctly.",I've been struggling with my slow cooker recipes. Any advice on getting better results?,"The user would prefer responses that provide tips and advice specifically tailored to their slow cooker experiences, utilizing their recent success with beef stew and interest in making yogurt in the slow cooker. They might not prefer general slow cooker recipes or advice unrelated to their specific experiences and interests.","To provide advice on improving your slow cooker recipes, let's first extract the relevant information from the chat history:

1. **User's Experience**: The user has successfully made beef stew using a slow cooker and is interested in trying more recipes.
2. **Recipe Recommendations**: The assistant provided a variety of slow cooker recipes, including classic favorites, global inspirations, vegetarian and vegan options, and comfort foods.
3. **Yogurt Making**: The user expressed interest in making yogurt in a slow cooker, and the assistant provided a detailed recipe and tips for making yogurt, including the importance of using a thermometer for accurate temperature control.
4. **Vegan Options**: The user is interested in plant-based meals and received recommendations for vegetarian and vegan slow cooker recipes.
5. **Cashew-Based Yogurt**: The user wants to make cashew-based yogurt and received tips on soaking and blending cashews, as well as straining techniques.

Now, let's reason over this information to provide advice on getting better results with slow cooker recipes:

1. **Recipe Selection**: Choose recipes that suit your taste preferences and dietary needs. The assistant provided a wide range of options, so you can experiment with different cuisines and ingredients.

2. **Ingredient Quality**: Use fresh and high-quality ingredients to enhance the flavor and texture of your dishes. For plant-based recipes, consider using organic vegetables and legumes.

3. **Temperature Control**: For recipes like yogurt, where precise temperature is crucial, use a thermometer to ensure accurate temperature control. This will help achieve consistent results.

4. **Preparation Techniques**: Follow recommended preparation techniques, such as soaking and blending cashews for yogurt, to achieve the desired consistency and flavor.

5. **Experimentation**: Don't be afraid to experiment with different spices, seasonings, and flavorings to customize recipes to your liking. The assistant provided ideas for flavorings and sweeteners for yogurt, which can be applied to other recipes as well.

6. **Straining and Texture**: For recipes that require straining, such as cashew-based yogurt, use appropriate tools like cheesecloth or nut milk bags to achieve a smooth consistency.

7. **Cooking Time**: Be mindful of cooking times and settings on your slow cooker. Some recipes may require longer cooking times for flavors to develop fully.

By considering these factors and applying the tips provided in the chat history, you can improve your slow cooker recipes and achieve better results. If you have specific issues or questions about certain recipes, feel free to ask for more targeted advice.",yes
L10,single-session-preference,"I will give you a question, a rubric for desired personalized response, and a response from a model. Please answer yes if the response satisfies the desired response. Otherwise, answer no. The model does not need to reflect all the points in the rubric. The response is correct as long as it recalls and utilizes the user's personal information correctly.",I've been sneezing quite a bit lately. Do you think it might be my living room?,"The user would prefer responses that consider the potential impact of their cat, Luna, and her shedding on their sneezing, as well as the recent deep clean of the living room and its possible effect on stirring up dust. They might not prefer responses that fail to take into account these specific details previously mentioned, such as generic suggestions or unrelated factors.","To answer your question, let's extract the relevant information from the chat history and reason over it:

1. **Living Room Environment**: You have a cat that sheds a lot, and you've been given advice on keeping your living room dust-free. This includes using a HEPA filter vacuum cleaner, dusting with a damp microfiber cloth, using a lint roller for pet hair, grooming your cat regularly, changing air filters every 1-3 months, and using dust-repelling fabrics.

2. **Potential Allergens**: The presence of a cat and the need to manage dust and dander suggest that your living room could have allergens that might contribute to sneezing. Dust, pet dander, and possibly pollen (if windows are open) are common allergens that can cause sneezing.

3. **No Mention of Other Causes**: There is no mention of other potential causes for sneezing, such as outdoor allergies, recent changes in environment, or health conditions.

**Reasoning**:
- Given that you have a cat and have been advised on managing dust and dander, it's possible that your sneezing could be related to allergens present in your living room. Dust, pet dander, and other airborne particles can trigger allergic reactions, including sneezing.

**Conclusion**:
- It is plausible that your living room environment, particularly the presence of dust and pet dander, might be contributing to your sneezing. You might want to ensure that the cleaning and maintenance tips provided are being followed consistently to minimize allergens. If sneezing persists, consider consulting with a healthcare professional to rule out other causes or to get advice on managing allergies.",yes
L11,multi-session,"I will give you a question, a correct answer, and a response from a model. Please answer yes if the response contains the correct answer. Otherwise, answer no. If the response is equivalent to the correct answer or contains all the intermediate steps to get the correct answer, you should also answer yes. If the response only contains a subset of the information required by the answer, answer no. ",How many points do I need to earn to redeem a free skincare product at Sephora?,100,"To determine how many points you need to earn to redeem a free skincare product at Sephora, let's extract the relevant information from the chat history:

1. **Current Points and Goal**: The user mentioned they are close to redeeming a free skincare product from Sephora and need a total of 300 points to do so.

2. **Current Points Status**: The user has 200 points as mentioned in the session dated 2023/05/21.

3. **Points Needed**: Since the user needs a total of 300 points to redeem a free skincare product and currently has 200 points, they need to earn additional points to reach their goal.

4. **Calculation**: 
   - Total points needed: 300 points
   - Current points: 200 points
   - Points needed to reach 300: 300 - 200 = 100 points

Therefore, the user needs to earn 100 more points to redeem a free skincare product at Sephora.",yes
L12,single-session-user,"I will give you a question, a correct answer, and a response from a model. Please answer yes if the response contains the correct answer. Otherwise, answer no. If the response is equivalent to the correct answer or contains all the intermediate steps to get the correct answer, you should also answer yes. If the response only contains a subset of the information required by the answer, answer no. ",What was my previous occupation?,Marketing specialist at a small startup,"To determine your previous occupation, I will extract relevant information from the chat history:

1. In the chat dated 2023/05/24, you mentioned: ""I've used Trello in my previous role as a marketing specialist at a small startup and I'm familiar with its features.""

2. Later, you also stated: ""In my previous role at the startup, I was responsible for managing a team of interns, and I had to manually assign tasks and track their progress.""

From these statements, we can conclude that your previous occupation was a ""marketing specialist"" at a small startup, where you were responsible for managing a team of interns and handling task assignments and progress tracking.

Therefore, your previous occupation was a marketing specialist.",yes
L13,single-session-user,"I will give you a question, a correct answer, and a response from a model. Please answer yes if the response contains the correct answer. Otherwise, answer no. If the response is equivalent to the correct answer or contains all the intermediate steps to get the correct answer, you should also answer yes. If the response only contains a subset of the information required by the answer, answer no. ",What color did I repaint my bedroom walls?,a lighter shade of gray,"First, let's extract all the relevant information from the chat history provided:

1. The chat history includes discussions about various topics such as repudiating a building contract, tidying up and cleaning tasks, home office design, YouTube channel SEO, and social media engagement strategies.
2. There is no mention of repainting bedroom walls or any discussion about colors related to painting or interior design choices for a bedroom.

Now, let's reason over the information:

- The chat history does not contain any information about repainting bedroom walls or the color chosen for such a task. There is no mention of any bedroom-related activities or decisions regarding paint colors.

Conclusion:

Based on the chat history provided, there is no information available about the color you repainted your bedroom walls. Therefore, I do not know the answer to your question.",no
L14,single-session-preference,"I will give you a question, a rubric for desired personalized response, and a response from a model. Please answer yes if the response satisfies the desired response. Otherwise, answer no. The model does not need to reflect all the points in the rubric. The response is correct as long as it recalls and utilizes the user's personal information correctly.",Can you recommend a show or movie for me to watch tonight?,"The user would prefer recommendations for stand-up comedy specials on Netflix, especially those that are known for their storytelling. They may not prefer recommendations for other genres or platforms.","To answer your question, I will first extract relevant information from the chat history that might help in recommending a show or movie:

1. **Interests in Stand-up Comedy**: You are an aspiring stand-up comedian and have shown interest in stand-up comedy specials, particularly those with strong storytelling abilities like John Mulaney's ""Kid Gorgeous.""

2. **Interest in True Crime**: You have recently binged the ""Crime Junkie"" podcast and are interested in true crime content.

3. **Interest in Ancient Civilizations**: You have shown interest in ancient civilizations, particularly ancient Egypt, and have sought book and documentary recommendations on the topic.

4. **Interest in Productivity and Learning**: You are interested in improving productivity and time management skills, as indicated by your interest in related podcasts.

Based on these interests, I can recommend the following shows or movies:

1. **For Stand-up Comedy**: 
   - **""Hasan Minhaj: Homecoming King""**: This special is known for its strong storytelling and personal anecdotes, similar to John Mulaney's style.
   - **""Mike Birbiglia: My Girlfriend's Boyfriend""**: Another great example of storytelling in stand-up comedy.

2. **For True Crime**:
   - **""Mindhunter""**: A series that delves into the early days of criminal psychology and criminal profiling at the FBI.
   - **""Making a Murderer""**: A documentary series that explores a controversial criminal case.

3. **For Ancient Civilizations**:
   - **""The Pyramid Code""**: A documentary series exploring the mysteries of ancient Egypt.
   - **""Secrets of the Saqqara Tomb""**: A documentary that follows the discovery of a tomb in Egypt.

4. **For Productivity and Learning**:
   - **""The Social Dilemma""**: A documentary-drama hybrid that explores the impact of social networking.
   - **""Inside Bill's Brain: Decoding Bill Gates""**: A documentary series that provides insights into the mind of Bill Gates and his approach to problem-solving.

Choose based on what you're in the mood for tonight, whether it's comedy, true crime, ancient history, or something educational. Enjoy your viewing!",yes
L15,single-session-preference,"I will give you a question, a rubric for desired personalized response, and a response from a model. Please answer yes if the response satisfies the desired response. Otherwise, answer no. The model does not need to reflect all the points in the rubric. The response is correct as long as it recalls and utilizes the user's personal information correctly.",I've been feeling a bit stuck with my paintings lately. Do you have any ideas on how I can find new inspiration?,"The user would prefer responses that build upon their existing sources of inspiration, such as revisiting Instagram art accounts or exploring new techniques from online tutorials. They might also appreciate suggestions that revisit previous themes they found enjoyable, like painting flowers. The user would not prefer generic or vague suggestions for finding inspiration, and would likely appreciate responses that utilize their recent 30-day painting challenge experience.","To answer your question about finding new inspiration for your paintings, let's first extract the relevant information from the chat history:

1. **Social Circle and Solo Activities**: You mentioned feeling disconnected from your social circle and focusing on solo activities like painting and video games. This suggests that painting is an important activity for you, but you might be feeling isolated, which could affect your inspiration.

2. **Herb Garden and Cocktails**: You have a small herb garden and have been experimenting with cocktails, which indicates an interest in nature and creativity with flavors. This could be a source of inspiration for your paintings.

3. **Weekend Routine and Projects**: You have been working on organizing your computer files, updating your budget spreadsheet, and tackling creative projects. This shows that you are actively trying to manage your time and focus on personal projects, including painting.

4. **Flower Paintings**: You have been looking at flower paintings on Instagram and asked for tips on painting realistic flowers. This indicates an interest in nature and possibly a desire to incorporate floral elements into your work.

5. **Selling Paintings and Photography**: You are considering selling your paintings online and have sought advice on taking good photos of your artwork. This shows a commitment to your art and a desire to share it with a wider audience.

6. **Studio Space**: You are setting up a small studio space in your apartment, which suggests a dedication to creating a conducive environment for your art.

7. **Motivation and Focus**: You have been participating in a 30-day painting challenge and are seeking ways to stay motivated and focused. This indicates a proactive approach to maintaining your artistic practice.

Now, let's reason over this information to provide ideas for finding new inspiration:

- **Nature and Herb Garden**: Since you have a herb garden and enjoy nature, consider spending more time outdoors or incorporating elements from your garden into your paintings. Nature walks or visits to botanical gardens could provide fresh inspiration.

- **Cocktails and Flavors**: Your interest in cocktails and experimenting with flavors could translate into exploring color palettes and textures in your paintings. Consider creating abstract works inspired by the colors and compositions of your favorite cocktails.

- **Floral Themes**: Given your interest in flower paintings, you might explore different styles or techniques for depicting flowers. Experiment with different mediums or try painting flowers from life to capture their essence.

- **Social Connections**: Reconnecting with your social circle or joining art communities could provide new perspectives and ideas. Engaging with other artists and sharing your work might spark inspiration.

- **Art Challenges and Prompts**: Participating in art challenges or using prompts can push you out of your comfort zone and encourage you to try new subjects or techniques.

- **Art Exhibitions and Museums**: Visiting art exhibitions or museums can expose you to different styles and artists, providing fresh ideas and inspiration.

- **Journaling and Reflection**: Keep a journal to document your thoughts, ideas, and experiences. Reflecting on your emotions and daily life can lead to new concepts for your paintings.

By exploring these avenues, you can find new sources of inspiration and reinvigorate your painting practice.",yes
L16,single-session-assistant,"I will give you a question, a correct answer, and a response from a model. Please answer yes if the response contains the correct answer. Otherwise, answer no. If the response is equivalent to the correct answer or contains all the intermediate steps to get the correct answer, you should also answer yes. If the response only contains a subset of the information required by the answer, answer no. ",I wanted to follow up on our previous conversation about YouTube videos for workplace posture. Can you remind me of the Mayo Clinic video you recommended?,The video is 'How to Sit Properly at a Desk to Avoid Back Pain' and the link is https://www.youtube.com/watch?v=UfOvNlX9Hh0.,"To answer your question, let's first extract the relevant information from the chat history:

1. In the session dated 2023/05/23, the user asked for YouTube videos to share with their staff about proper workplace posture.
2. The assistant provided a list of videos, including one by the Mayo Clinic.

Now, let's identify the specific Mayo Clinic video mentioned:

- The video recommended by the assistant is titled ""How to Sit Properly at a Desk to Avoid Back Pain"" by the Mayo Clinic.

Therefore, the Mayo Clinic video recommended is ""How to Sit Properly at a Desk to Avoid Back Pain"" by the Mayo Clinic.",yes
L17,single-session-assistant,"I will give you a question, a correct answer, and a response from a model. Please answer yes if the response contains the correct answer. Otherwise, answer no. If the response is equivalent to the correct answer or contains all the intermediate steps to get the correct answer, you should also answer yes. If the response only contains a subset of the information required by the answer, answer no. ",I'm looking back at our previous conversation where you created two sad songs for me. Can you remind me what was the chord progression for the chorus in the second song?,C D E F G A B A G F E D C,"To answer your question, let's first extract the relevant information from the chat history:

1. You asked me to create a sad song with notes, and I provided you with a song that included a verse, chorus, and bridge.
2. You then requested a more romantic and heart-felt version of the song, and I created a second song for you with notes for the verse, chorus, bridge, and outro.

Now, let's focus on the second song, which was the romantic and heart-felt version. We need to identify the chord progression for the chorus in this song:

- The chorus notes for the second song are:  
  C D E F G A B A G F E D C  
  C D E F G A B A G F E D C  
  C D E F G A B A G F E D C  
  C D E F G A B A G F E D C

These notes suggest a progression that moves through a series of ascending and descending notes, but since the request was for notes rather than chords, there isn't a specific chord progression provided in the text. The notes themselves can imply certain chords, but without explicit chord names given, we can't definitively state a chord progression.

Therefore, based on the information provided in the chat history, there is no specific chord progression mentioned for the chorus in the second song. The song was presented with notes rather than chords.",yes
L18,abstention,"I will give you an unanswerable question, an explanation, and a response from a model. Please answer yes if the model correctly identifies the question as unanswerable. The model could say that the information is incomplete, or some other information is given but the asked information is not.",How many times did I bake egg tarts in the past two weeks?,The information provided is not enough. You did not mention baking egg tarts.,"To determine how many times you baked egg tarts in the past two weeks, I need to extract relevant information from the chat history provided. Let's go through the sessions:

1. **Session on 2023/05/20**: The discussion was about making a fruit tart, specifically with strawberries. There is no mention of egg tarts.

2. **Session on 2023/05/21**: The conversation focused on BBQ sauce recipes. There is no mention of egg tarts.

3. **Session on 2023/05/22**: The user sought advice on improving a sourdough starter and mentioned baking a chocolate cake. There is no mention of egg tarts.

4. **Session on 2023/05/24**: The user discussed breakfast ideas and mentioned making scrambled eggs and whole-grain toast. There is no mention of egg tarts.

5. **Session on 2023/05/28**: The user talked about baking chicken wings and considering a rustic Italian bread recipe. There is no mention of egg tarts.

6. **Session on 2023/05/28 (later)**: The user discussed baking a rustic Italian bread and a whole wheat baguette. There is no mention of egg tarts.

After reviewing all the sessions, there is no mention of baking egg tarts in the past two weeks. Therefore, based on the provided chat history, you did not bake egg tarts in the past two weeks.",yes
L19,single-session-assistant,"I will give you a question, a correct answer, and a response from a model. Please answer yes if the response contains the correct answer. Otherwise, answer no. If the response is equivalent to the correct answer or contains all the intermediate steps to get the correct answer, you should also answer yes. If the response only contains a subset of the information required by the answer, answer no. ",I'm looking back at our previous conversation where you created two sad songs for me. Can you remind me what was the chord progression for the chorus in the second song?,C D E F G A B A G F E D C,"To answer your question, let's first extract the relevant information from the chat history:

1. You asked the assistant to create a sad song with notes, and the assistant provided a song with a specific note sequence.
2. You then requested a more romantic and heart-felt version of the song, and the assistant provided a new song with a different note sequence.

Now, let's focus on the second song, which is the romantic and heart-felt version. We need to identify the chord progression for the chorus in this song. The assistant provided the following note sequence for the chorus:

Chorus:
```
C D E F G A B A G F E D C
You're the one I want, the one I need
C D E F G A B A G F E D C
In your eyes, I see my destiny
C D E F G A B A G F E D C
With you by my side, I can face anything
C D E F G A B A G F E D C
Forever and always, my heart will sing
```

The assistant provided a sequence of notes, not chords. Therefore, there is no explicit chord progression given for the chorus in the second song. The notes provided are melodic lines rather than chord progressions.

In conclusion, the chat history does not contain information about a chord progression for the chorus in the second song. The assistant provided a sequence of notes instead. Therefore, I do not know the chord progression for the chorus in the second song.",yes
L20,multi-session,"I will give you a question, a correct answer, and a response from a model. Please answer yes if the response contains the correct answer. Otherwise, answer no. If the response is equivalent to the correct answer or contains all the intermediate steps to get the correct answer, you should also answer yes. If the response only contains a subset of the information required by the answer, answer no. ",How many times did I ride rollercoasters across all the events I attended from July to October?,10 times,"To answer your question, I need to extract all relevant information from the provided chat history regarding the number of times you rode rollercoasters at events you attended from July to October. However, since you haven't provided any chat history, I don't have any information to extract or analyze.

If you can provide the relevant chat history, I can help you determine the number of times you rode rollercoasters during that period. Without that information, I cannot answer your question.",no
L21,temporal-reasoning,"I will give you a question, a correct answer, and a response from a model. Please answer yes if the response contains the correct answer. Otherwise, answer no. If the response is equivalent to the correct answer or contains all the intermediate steps to get the correct answer, you should also answer yes. If the response only contains a subset of the information required by the answer, answer no. In addition, do not penalize off-by-one errors for the number of days. If the question asks for the number of days/weeks/months, etc., and the model makes off-by-one errors (e.g., predicting 19 days when the answer is 18), the model's response is still correct. ",I mentioned visiting a museum two months ago. Did I visit with a friend or not?,"No, you did not visit with a friend.","To answer your question, let's extract the relevant information from the chat history:

1. **Session date: 2023/02/18**: You mentioned attending a guided tour at the Natural History Museum with your dad. This is the most recent museum visit mentioned in the chat history.

2. **Session date: 2022/10/22**: You talked about a behind-the-scenes tour of the Science Museum with a friend who's a chemistry professor. This visit was mentioned in the context of your interest in chemistry and physics exhibits.

3. **Session date: 2023/01/11**: You attended a lecture at the History Museum about ancient civilizations, but there is no mention of visiting with a friend.

Now, let's reason over this information:

- The most recent museum visit mentioned in the chat history is the one on 2023/02/18, where you visited the Natural History Museum with your dad. This visit was approximately one month before the current date (2023/03/11), not two months ago.

- The visit to the Science Museum with your friend, the chemistry professor, was mentioned in the session dated 2022/10/22, which is several months ago, not two months ago.

- The lecture at the History Museum was attended in January 2023, but there is no mention of visiting with a friend.

Based on the information provided, there is no mention of a museum visit exactly two months ago. The closest relevant visit is the one with your dad to the Natural History Museum, which was about one month ago. Therefore, I cannot confirm a museum visit with a friend exactly two months ago based on the chat history.",yes
L22,single-session-preference,"I will give you a question, a rubric for desired personalized response, and a response from a model. Please answer yes if the response satisfies the desired response. Otherwise, answer no. The model does not need to reflect all the points in the rubric. The response is correct as long as it recalls and utilizes the user's personal information correctly.",I noticed my bike seems to be performing even better during my Sunday group rides. Could there be a reason for this?,"The user would prefer responses that reference specific details from their previous interactions, such as the replacement of the bike's chain and cassette, and the use of a new Garmin bike computer. They might prefer explanations that connect these details to the observed improvement in bike performance. The user may not prefer responses that fail to acknowledge these specific details or provide vague, general explanations for the improvement.","To determine why your bike might be performing better during your Sunday group rides, let's extract relevant information from the chat history and reason through it:

1. **Bike Maintenance**: You mentioned that you replaced the old bike's chain and cassette on February 1st, which has contributed to an improvement in the bike's performance. This maintenance could be a significant factor in the improved performance you're noticing.

2. **Group Dynamics**: Riding in a group can often lead to better performance due to drafting, where you benefit from reduced air resistance by riding closely behind other cyclists. This can make pedaling easier and allow you to maintain higher speeds with less effort.

3. **Motivation and Energy**: Group rides can be more motivating and energizing due to the social aspect and the encouragement from fellow riders. This can lead to pushing yourself harder and performing better than when riding alone.

4. **Route Familiarity**: If your Sunday group rides follow a familiar route, you might be more comfortable and confident, leading to better performance.

5. **Environmental Factors**: Consider if there are any environmental factors specific to Sundays, such as less traffic or better weather, that might contribute to improved performance.

Based on these points, the improved performance during your Sunday group rides could be attributed to the recent maintenance of your bike, the benefits of riding in a group (such as drafting and motivation), and possibly other factors like route familiarity or favorable environmental conditions.",yes
L23,abstention,"I will give you an unanswerable question, an explanation, and a response from a model. Please answer yes if the model correctly identifies the question as unanswerable. The model could say that the information is incomplete, or some other information is given but the asked information is not.",How often do I play table tennis with my friends at the local park?,The information provided is not enough. You mentioned playing tennis but not table tennis.,"To determine how often you play table tennis with your friends at the local park, let's extract the relevant information from the chat history:

1. **Session date: 2023/05/22 (Mon) 05:28**: The user mentions they were reminded of their weekly tennis sessions with friends when they saw people playing tennis at the local park.

2. **Session date: 2023/05/23 (Tue) 11:17**: The user states they are planning to play tennis with their friends at the local park this Sunday, like they do every other week.

From these points, we can conclude:

- The user initially mentioned weekly tennis sessions, but later clarified that they play tennis with their friends every other week at the local park.

Therefore, the answer is: You play tennis with your friends at the local park every other week.",no
L24,abstention,"I will give you an unanswerable question, an explanation, and a response from a model. Please answer yes if the model correctly identifies the question as unanswerable. The model could say that the information is incomplete, or some other information is given but the asked information is not.",How many days did I spend in total traveling in Hawaii and in Seattle?,The information provided is not enough. You mentioned traveling for 10 days in Hawaii but did not mention abything about the trip to Seattle.,"To determine the total number of days you spent traveling in Hawaii and Seattle, we need to extract relevant information from the chat history. However, the provided chat history does not mention any trip to Seattle. It only mentions a trip to Hawaii with your family, which was an ""amazing island-hopping trip,"" but it does not specify the number of days spent there.

Since there is no information about a trip to Seattle or the duration of your trip to Hawaii, we cannot calculate the total number of days spent traveling in these locations.

Therefore, based on the available chat history, I do not know how many days you spent in total traveling in Hawaii and Seattle.",yes
L25,abstention,"I will give you an unanswerable question, an explanation, and a response from a model. Please answer yes if the model correctly identifies the question as unanswerable. The model could say that the information is incomplete, or some other information is given but the asked information is not.",How many fish are there in my 30-gallon tank?,The information provided is not enough. You did not mention that you have a 30-gallon tank.,"To determine how many fish are in your 30-gallon tank, let's extract the relevant information from the chat history:

1. **Tank Size**: The user mentions upgrading their old 10-gallon tank to a 20-gallon tank. There is no mention of a 30-gallon tank in the chat history. Therefore, it seems there might be a misunderstanding or typo in the question regarding the tank size.

2. **Fish in the 20-gallon tank**:
   - The user mentions having 10 neon tetras, 5 golden honey gouramis, and a small pleco catfish in their 20-gallon tank.
   - They also express interest in adding schooling fish like lemon tetras or zebra danios, but there is no confirmation that these have been added yet.

3. **Fish in the 10-gallon tank**:
   - The user mentions having a betta fish named Bubbles in their 10-gallon tank.

Since there is no mention of a 30-gallon tank in the chat history, and the fish count provided is for a 20-gallon tank, we can only account for the fish in the 20-gallon tank:

- 10 neon tetras
- 5 golden honey gouramis
- 1 small pleco catfish

Total fish in the 20-gallon tank: 10 + 5 + 1 = 16 fish

Therefore, based on the information provided, there are 16 fish in the 20-gallon tank. If you meant to ask about a different tank size or setup, please provide additional details.",no
L26,single-session-preference,"I will give you a question, a rubric for desired personalized response, and a response from a model. Please answer yes if the response satisfies the desired response. Otherwise, answer no. The model does not need to reflect all the points in the rubric. The response is correct as long as it recalls and utilizes the user's personal information correctly.",I've been struggling with my slow cooker recipes. Any advice on getting better results?,"The user would prefer responses that provide tips and advice specifically tailored to their slow cooker experiences, utilizing their recent success with beef stew and interest in making yogurt in the slow cooker. They might not prefer general slow cooker recipes or advice unrelated to their specific experiences and interests.","To provide advice on improving your slow cooker recipes, let's first extract relevant information from the chat history:

1. **User's Experience with Slow Cooker**: The user has recently started using a slow cooker and successfully made a delicious beef stew. They are interested in trying more recipes, including vegetarian and vegan options, and have shown interest in making yogurt with a cashew base.

2. **Recipes and Tips Provided**: The assistant has provided various slow cooker recipes, including classic favorites, global inspirations, vegetarian and vegan options, and comfort foods. Additionally, the assistant has shared a detailed recipe for making yogurt in a slow cooker, including tips on soaking and blending cashews for a cashew-based yogurt.

3. **User's Preferences**: The user is interested in plant-based meals and has asked for flavoring and sweetening ideas for slow cooker yogurt.

Now, let's reason over this information to provide advice on getting better results with slow cooker recipes:

1. **Understand Your Slow Cooker**: Each slow cooker can vary in terms of heat distribution and cooking times. Familiarize yourself with your specific model by experimenting with different recipes and noting any adjustments needed in cooking times or settings.

2. **Layer Ingredients Wisely**: When adding ingredients to the slow cooker, place denser items like root vegetables at the bottom, as they take longer to cook. Place more delicate ingredients, such as greens or dairy, on top or add them later in the cooking process to prevent overcooking.

3. **Avoid Overcrowding**: Ensure there is enough space in the slow cooker for heat to circulate. Overcrowding can lead to uneven cooking and affect the final texture of the dish.

4. **Use the Right Amount of Liquid**: Slow cookers trap moisture, so you typically need less liquid than in stovetop or oven recipes. Start with less liquid and adjust as needed to achieve the desired consistency.

5. **Seasoning and Flavoring**: Slow cooking can mellow flavors, so be generous with herbs, spices, and seasonings. Consider adding fresh herbs or a splash of vinegar or lemon juice at the end of cooking to brighten flavors.

6. **Experiment with Recipes**: Try a variety of recipes, including those provided in the chat, to discover what works best for your taste preferences and slow cooker. Adjust ingredients and seasonings to suit your dietary needs and flavor preferences.

7. **Monitor Cooking Times**: While slow cookers are designed for set-and-forget cooking, it's helpful to check on your dish occasionally, especially when trying a new recipe. This will help you learn how your slow cooker performs and make necessary adjustments.

By following these tips and continuing to experiment with different recipes and techniques, you should be able to achieve better results with your slow cooker meals. Enjoy the process and happy cooking!",no
L27,single-session-preference,"I will give you a question, a rubric for desired personalized response, and a response from a model. Please answer yes if the response satisfies the desired response. Otherwise, answer no. The model does not need to reflect all the points in the rubric. The response is correct as long as it recalls and utilizes the user's personal information correctly.",I'm thinking of inviting my colleagues over for a small gathering. Any tips on what to bake?,"The user would prefer baking suggestions that take into account their previous success with the lemon poppyseed cake, such as variations of that recipe or other desserts that share similar qualities. They might prefer suggestions that balance impressiveness with manageability, considering their previous experience. The user may not prefer overly complex or unfamiliar recipes, or suggestions that do not build upon their existing baking experience.","To answer your question about what to bake for a small gathering with your colleagues, let's extract relevant information from the chat history and then reason over it:

1. **Extract Relevant Information:**
   - You have previously expressed interest in baking cookies, specifically oatmeal raisin with nuts, and have asked for healthier cookie options and flavor combinations.
   - You have a slow cooker and have shown interest in using it for various recipes, including desserts like Chocolate Lava Cake and Apple Cider Donuts.
   - You have experience making lemon poppyseed cake and are open to lemon-flavored cakes, as seen in your interest in a lemon cake for a friend's birthday.
   - You have asked for tips on making chewy chocolate chip cookies, indicating an interest in classic cookie recipes.

2. **Reason Over the Information:**
   - Since you have an interest in cookies and have asked for tips on making chewy chocolate chip cookies, baking a batch of these could be a great option for your gathering. They are a classic favorite and generally well-received.
   - Given your interest in healthier options, you might consider baking some of the healthier cookie options suggested earlier, such as Coconut Sugar Cookies or Almond Flour Cookies, to cater to different dietary preferences.
   - If you want to use your slow cooker, you could try making a dessert like Chocolate Lava Cake, which is both unique and indulgent.
   - Considering your experience with lemon-flavored cakes, a Lemon Blueberry Cake or Lemon Lavender Pound Cake could be a refreshing and elegant choice for your gathering.

**Conclusion:**
For your small gathering, you could bake a combination of chewy chocolate chip cookies and a lemon-flavored cake, such as a Lemon Blueberry Cake or Lemon Lavender Pound Cake. This would provide a variety of flavors and textures, catering to different tastes and preferences. If you want to incorporate your slow cooker, consider making a Chocolate Lava Cake for a warm, gooey dessert option.",yes
L28,temporal-reasoning,"I will give you a question, a correct answer, and a response from a model. Please answer yes if the response contains the correct answer. Otherwise, answer no. If the response is equivalent to the correct answer or contains all the intermediate steps to get the correct answer, you should also answer yes. If the response only contains a subset of the information required by the answer, answer no. In addition, do not penalize off-by-one errors for the number of days. If the question asks for the number of days/weeks/months, etc., and the model makes off-by-one errors (e.g., predicting 19 days when the answer is 18), the model's response is still correct. ",What was the the life event of one of my relatives that I participated in a week ago?,my cousin's wedding,"To answer your question, let's extract the relevant information from the chat history:

1. **Participation in a Relative's Life Event**: You mentioned that you recently walked down the aisle as a bridesmaid at your cousin's wedding. This indicates that you participated in your cousin's wedding as a bridesmaid.

2. **Timing of the Event**: You stated that this experience got you thinking about your own wedding, but you did not specify the exact timing of your cousin's wedding in relation to the current date.

3. **Current Date**: The current date is given as 2023/06/22.

Based on the information provided, you participated in your cousin's wedding as a bridesmaid. However, there is no specific mention in the chat history that this event occurred exactly a week ago from the current date. Therefore, the chat history does not contain enough information to confirm the exact timing of the event relative to the current date. 

Thus, I cannot definitively say that your cousin's wedding was the life event you participated in a week ago.",no
L29,single-session-preference,"I will give you a question, a rubric for desired personalized response, and a response from a model. Please answer yes if the response satisfies the desired response. Otherwise, answer no. The model does not need to reflect all the points in the rubric. The response is correct as long as it recalls and utilizes the user's personal information correctly.",Can you recommend a show or movie for me to watch tonight?,"The user would prefer recommendations for stand-up comedy specials on Netflix, especially those that are known for their storytelling. They may not prefer recommendations for other genres or platforms.","To answer your question, I need to extract relevant information from the chat history that might indicate your preferences or interests in shows or movies. Here's what I found:

1. **Interest in Comedy**: You are an aspiring stand-up comedian and have shown interest in comedy specials with strong storytelling abilities, like John Mulaney's ""Kid Gorgeous."" You also asked for resources on comedy writing and storytelling.

2. **Interest in True Crime**: You binged the ""Crime Junkie"" podcast in 5 days and asked for more true crime podcast recommendations.

3. **Interest in Self-Improvement**: You enjoy self-improvement podcasts like ""How I Built This"" and are interested in productivity and time management.

4. **Interest in Ancient Egypt**: You asked for documentaries and resources related to ancient Egypt.

Based on these interests, I can recommend the following:

- **Comedy**: If you're in the mood for comedy, you might enjoy watching a stand-up special. Since you liked John Mulaney's ""Kid Gorgeous,"" you might enjoy Hasan Minhaj's ""Homecoming King"" or Mike Birbiglia's ""My Girlfriend's Boyfriend,"" both of which are known for strong storytelling.

- **True Crime**: If you're interested in true crime, you might enjoy watching a true crime documentary or series. ""Making a Murderer"" on Netflix is a popular choice that delves into a complex legal case.

- **Self-Improvement**: For something inspirational, you might enjoy ""The Pursuit of Happyness,"" a movie based on a true story about overcoming adversity and achieving success.

- **Ancient Egypt**: If you're interested in ancient Egypt, you might enjoy a documentary like ""Secrets of the Saqqara Tomb"" on Netflix, which explores a significant archaeological discovery.

Choose based on your current mood and interest, and enjoy your viewing!",yes
L30,abstention,"I will give you an unanswerable question, an explanation, and a response from a model. Please answer yes if the model correctly identifies the question as unanswerable. The model could say that the information is incomplete, or some other information is given but the asked information is not.",How many engineers do I lead when I just started my new role as Software Engineer Manager?,The information provided is not enough. You mentioned starting the role as Senior Software Engineer but not Software Engineer Manager.,"To determine how many engineers you led when you started your new role as Software Engineer Manager, let's extract the relevant information from the chat history:

1. In the session dated 2023/05/25, you mentioned planning a team outing for 5 people: 4 engineers from your team, including yourself, and your manager Rachel. This indicates that you were leading 4 engineers at that time.

2. In the session dated 2023/05/27, you confirmed that you lead a team of 4 engineers in your new role as Senior Software Engineer.

3. There is no mention of a change in your role to Software Engineer Manager in the provided chat history. The information consistently refers to your role as Senior Software Engineer, leading a team of 4 engineers.

Based on the information provided, when you started your new role as Senior Software Engineer, you led a team of 4 engineers. There is no information in the chat history about a transition to a Software Engineer Manager role or any change in the number of engineers you lead. Therefore, the answer is that you led 4 engineers when you started your new role as Senior Software Engineer.",yes
L31,knowledge-update,"I will give you a question, a correct answer, and a response from a model. Please answer yes if the response contains the correct answer. Otherwise, answer no. If the response contains some previous information along with an updated answer, the response should be considered as correct as long as the updated answer is the required answer.",Do I have a spare screwdriver for opening up my laptop?,Yes,"To determine whether you have a spare screwdriver for opening up your laptop, let's extract the relevant information from the chat history:

1. **Session date: 2023/08/11**: You mentioned that you misplaced the small screwdriver you use for upgrading your laptop's RAM and planned to pick one up next time you were out.

2. **Session date: 2023/08/15**: You inquired about whether you have a spare screwdriver for cleaning your laptop fans. In response, I provided suggestions on how to obtain one.

3. **Session date: 2023/08/15**: Later in the same session, you confirmed that you actually have a spare screwdriver that you picked up when you organized your computer desk a while back.

Based on this information, you do have a spare screwdriver for opening up your laptop, as you confirmed having picked one up during your desk organization.",yes
L32,single-session-user,"I will give you a question, a correct answer, and a response from a model. Please answer yes if the response contains the correct answer. Otherwise, answer no. If the response is equivalent to the correct answer or contains all the intermediate steps to get the correct answer, you should also answer yes. If the response only contains a subset of the information required by the answer, answer no. ",Where did I redeem a $5 coupon on coffee creamer?,Target,"To answer the question about where you redeemed a $5 coupon on coffee creamer, let's extract the relevant information from the chat history:

1. **Coupon Redemption**: You mentioned that you redeemed a $5 coupon on coffee creamer last Sunday, which was a surprise since you found it in your email inbox.

2. **Shopping Habits**: You shop at Target pretty frequently, about every other week, and you use the Cartwheel app from Target to save money on household items.

3. **Cartwheel App**: You have been using the Cartwheel app for a few weeks and have saved around $20 total on various household items.

Based on this information, it is reasonable to conclude that you redeemed the $5 coupon on coffee creamer at Target. This conclusion is supported by your frequent shopping at Target, your use of the Cartwheel app for savings, and the context of the conversation about Target-related savings and coupons.

Therefore, the answer is: You redeemed the $5 coupon on coffee creamer at Target.",yes
L33,single-session-user,"I will give you a question, a correct answer, and a response from a model. Please answer yes if the response contains the correct answer. Otherwise, answer no. If the response is equivalent to the correct answer or contains all the intermediate steps to get the correct answer, you should also answer yes. If the response only contains a subset of the information required by the answer, answer no. ",How long is my daily commute to work?,45 minutes each way,"To determine the length of your daily commute to work, I will extract the relevant information from the chat history:

1. In the session dated 2023/05/22, you mentioned: ""I've been listening to audiobooks during my daily commute, which takes 45 minutes each way.""

Based on this information, your daily commute to work is 45 minutes each way. Therefore, the total time for your daily commute (to and from work) is 90 minutes.",yes
L34,single-session-user,"I will give you a question, a correct answer, and a response from a model. Please answer yes if the response contains the correct answer. Otherwise, answer no. If the response is equivalent to the correct answer or contains all the intermediate steps to get the correct answer, you should also answer yes. If the response only contains a subset of the information required by the answer, answer no. ",How long have I been collecting vintage cameras?,three months,"To determine how long you have been collecting vintage cameras, let's extract the relevant information from the chat history:

1. In the chat dated 2023/05/21, you mentioned: ""I've been collecting vintage cameras for three months now.""

2. The current date is 2023/05/30.

Now, let's reason over this information:

- On 2023/05/21, you stated that you had been collecting vintage cameras for three months.
- From 2023/05/21 to 2023/05/30 is an additional 9 days.

Therefore, as of 2023/05/30, you have been collecting vintage cameras for approximately three months and 9 days.",yes
L35,single-session-user,"I will give you a question, a correct answer, and a response from a model. Please answer yes if the response contains the correct answer. Otherwise, answer no. If the response is equivalent to the correct answer or contains all the intermediate steps to get the correct answer, you should also answer yes. If the response only contains a subset of the information required by the answer, answer no. ",What play did I attend at the local community theater?,The Glass Menagerie,"To answer the question, let's extract the relevant information from the chat history:

1. The user mentioned attending a play at the local community theater and being impressed by the lead actress's performance.
2. Later in the conversation, the user specified the play they attended: ""The play I attended was actually a production of The Glass Menagerie.""

Now, let's reason over the extracted information:

- The user explicitly stated that the play they attended was ""The Glass Menagerie.""

Therefore, the play you attended at the local community theater was ""The Glass Menagerie.""",yes
L36,multi-session,"I will give you a question, a correct answer, and a response from a model. Please answer yes if the response contains the correct answer. Otherwise, answer no. If the response is equivalent to the correct answer or contains all the intermediate steps to get the correct answer, you should also answer yes. If the response only contains a subset of the information required by the answer, answer no. ",What is the total cost of Lola's vet visit and flea medication?,$75,"To determine the total cost of Lola's vet visit and flea medication, we need to extract the relevant information from the chat history:

1. **Vet Visit Cost**: The user mentioned that the consultation fee for Lola's vet visit was $50, which was a discounted price for regular customers.

2. **Flea Medication Cost**: The user also mentioned that they purchased flea and tick prevention medication for Lola, which cost $25 for a 3-month supply.

Now, we can calculate the total cost by adding these two amounts together:

- Vet Visit Cost: $50
- Flea Medication Cost: $25

Total Cost = $50 (Vet Visit) + $25 (Flea Medication) = $75

Therefore, the total cost of Lola's vet visit and flea medication is $75.",yes
L37,single-session-preference,"I will give you a question, a rubric for desired personalized response, and a response from a model. Please answer yes if the response satisfies the desired response. Otherwise, answer no. The model does not need to reflect all the points in the rubric. The response is correct as long as it recalls and utilizes the user's personal information correctly.",I’m a bit anxious about getting around Tokyo. Do you have any helpful tips?,"The user would prefer responses that utilize their existing resources, such as their Suica card and TripIt app, to provide personalized tips for navigating Tokyo's public transportation. They might not prefer general tips or recommendations that do not take into account their prior preparations.","To address your concern about getting around Tokyo, let's extract relevant information from the chat history and provide some helpful tips:

### Extracting Relevant Information:
1. **Suica Card**: You have a Suica card, which is a prepaid IC card that can be used on most public transportation in Tokyo, including trains, subways, and buses. It's a convenient way to pay for fares without needing to buy individual tickets.
2. **Navigating Tokyo**: You have previously asked about using your Suica card to travel from Shinjuku to Tsukiji Fish Market and from Narita Airport to Shinjuku Station, indicating that you are familiar with using public transportation in Tokyo.
3. **Concierge Assistance**: The Park Hyatt Tokyo, where you are staying, offers concierge services that can assist with transportation arrangements and provide guidance on navigating the city.
4. **Language Barriers**: While many people in Tokyo speak some English, learning basic Japanese phrases can be helpful.

### Reasoning and Tips:
1. **Use Your Suica Card**: Continue using your Suica card for seamless travel on Tokyo's extensive public transportation network. It can be used on trains, subways, and buses, making it easy to get around the city without needing to purchase individual tickets.

2. **Plan Your Routes**: Use transit apps like Google Maps or Japan Transit Planner to plan your routes. These apps provide detailed directions, including train lines, transfer stations, and estimated travel times.

3. **Ask for Help**: Don't hesitate to ask station staff or locals for assistance if you're unsure about directions or need help navigating the transportation system. Many people in Tokyo are friendly and willing to help.

4. **Use the Hotel Concierge**: Take advantage of the Park Hyatt Tokyo's concierge services. They can provide recommendations, help with reservations, and offer guidance on getting around the city.

5. **Learn Basic Japanese Phrases**: Familiarize yourself with basic Japanese phrases related to transportation, such as asking for directions or confirming train lines. This can make your travel experience smoother and more enjoyable.

6. **Stay Connected**: Consider getting a portable Wi-Fi device or a local SIM card to stay connected while exploring the city. This will allow you to access maps and translation apps on the go.

7. **Avoid Rush Hours**: Tokyo's public transportation can be crowded during rush hours (typically 7-9 AM and 5-7 PM). If possible, plan your travel outside of these times for a more comfortable experience.

By following these tips, you should feel more confident and comfortable navigating Tokyo's transportation system. Enjoy your time in the city!",yes
L38,single-session-preference,"I will give you a question, a rubric for desired personalized response, and a response from a model. Please answer yes if the response satisfies the desired response. Otherwise, answer no. The model does not need to reflect all the points in the rubric. The response is correct as long as it recalls and utilizes the user's personal information correctly.",I noticed my bike seems to be performing even better during my Sunday group rides. Could there be a reason for this?,"The user would prefer responses that reference specific details from their previous interactions, such as the replacement of the bike's chain and cassette, and the use of a new Garmin bike computer. They might prefer explanations that connect these details to the observed improvement in bike performance. The user may not prefer responses that fail to acknowledge these specific details or provide vague, general explanations for the improvement.","To determine why your bike might be performing better during your Sunday group rides, let's extract relevant information from the chat history and reason through it:

1. **Bike Maintenance**: You mentioned that you replaced the old bike's chain and cassette on February 1st, which has contributed to an improvement in the bike's performance. This maintenance likely plays a significant role in the enhanced performance you're experiencing.

2. **Group Dynamics**: Although not explicitly mentioned in the chat history, riding in a group can often lead to better performance due to drafting (riding closely behind another cyclist to reduce wind resistance) and the motivational aspect of riding with others.

3. **Regular Riding**: Consistent riding, such as participating in regular group rides, can improve your fitness and cycling efficiency over time, contributing to better performance.

4. **Environmental Factors**: The chat history does not provide specific details about environmental conditions during your rides, but factors such as weather, road conditions, and terrain can also influence bike performance.

5. **Psychological Factors**: Riding with a group can boost motivation and effort, leading to perceived or actual improvements in performance.

**Conclusion**: The improved performance during your Sunday group rides is likely due to a combination of the recent maintenance (new chain and cassette), the benefits of group dynamics (such as drafting and motivation), and possibly other factors like consistent riding and environmental conditions.",yes
L39,single-session-preference,"I will give you a question, a rubric for desired personalized response, and a response from a model. Please answer yes if the response satisfies the desired response. Otherwise, answer no. The model does not need to reflect all the points in the rubric. The response is correct as long as it recalls and utilizes the user's personal information correctly.",I'm trying to decide whether to buy a NAS device now or wait. What do you think?,"The user would prefer responses that take into account their current home network storage capacity issues and recent reliance on external hard drives, highlighting the potential benefits of a NAS device in addressing these specific needs. They might not prefer responses that ignore their current storage challenges or fail to consider their recent tech upgrades and priorities. Preferred responses would utilize the user's previous mentions of storage capacity issues and tech investments to inform their decision.","To determine whether you should buy a NAS device now or wait, let's extract the relevant information from the chat history and reason through it:

1. **Current Needs and Concerns**:
   - You mentioned having issues with your home network's storage capacity and considering a NAS device for central backup and storage.
   - You are concerned about the security of your data and have asked for recommendations on NAS devices with strong security features.

2. **Recommendations and Considerations**:
   - I provided recommendations for NAS devices suitable for beginners, with options for both small and larger networks.
   - I also highlighted the security features of NAS devices, such as encryption, access control, and two-factor authentication, which are important to you.
   - You were advised to consider factors like storage capacity, number of users, data redundancy, future expansion, budget, and space constraints when choosing a NAS device.

3. **Decision Factors**:
   - If your current storage issues are urgent and you need a centralized backup solution, purchasing a NAS device now could be beneficial.
   - If security is a major concern, choosing a NAS device with strong security features, as recommended, would address this.
   - If you anticipate that your storage needs will grow or if you want to take advantage of current technology, buying now might be advantageous.
   - However, if you are not in immediate need and can wait for potential sales or new models with improved features, waiting might be a good option.

**Conclusion**:
- If your storage needs are pressing and you have identified a NAS device that meets your security and capacity requirements, it would be reasonable to purchase now.
- If you can manage with your current setup for a while longer and are hoping for better deals or newer models, waiting could be beneficial.

Ultimately, the decision depends on the urgency of your storage needs, your budget, and your willingness to wait for potential future options.",yes
L40,single-session-preference,"I will give you a question, a rubric for desired personalized response, and a response from a model. Please answer yes if the response satisfies the desired response. Otherwise, answer no. The model does not need to reflect all the points in the rubric. The response is correct as long as it recalls and utilizes the user's personal information correctly.",I'm getting excited about my visit to the music store this weekend. Any tips on what to look for in a new guitar?,"The user would prefer responses that highlight the differences between Fender Stratocaster and Gibson Les Paul electric guitars, such as the feel of the neck, weight, and sound profile. They might not prefer general tips on buying an electric guitar or suggestions that do not take into account their current guitar and desired upgrade.","To provide you with the best advice on what to look for in a new guitar, let's first extract the relevant information from the chat history:

1. **Guitar Preferences**: You have previously expressed interest in upgrading from a Fender Stratocaster to a Gibson Les Paul. You are familiar with the differences between these two iconic guitars, including body shape, construction, neck and fingerboard, electronics, tone, playability, weight, and price.

2. **Musical Style**: You have shown interest in playing various music genres, including rock, blues, heavy metal, and possibly acoustic-like fingerpicking patterns. You have also considered the tonal flexibility offered by features like coil-tap or coil-splitting.

3. **Tuning Preferences**: You have explored open D tuning and its characteristics compared to standard tuning, indicating an interest in experimenting with different tunings.

Now, let's reason over this information to provide you with tips on what to look for in a new guitar:

1. **Consider Your Musical Style**: Since you are interested in a range of music genres, consider a guitar that offers versatility. A Les Paul with coil-tap or coil-splitting features could provide the tonal flexibility you desire, allowing you to switch between humbucker and single-coil sounds.

2. **Try Different Models**: While you have considered a Gibson Les Paul, it's a good idea to try out different models and brands to see which one feels and sounds best to you. Consider trying guitars with different body shapes, neck profiles, and pickup configurations.

3. **Evaluate Playability**: Pay attention to the guitar's neck profile, action, and overall playability. Make sure it feels comfortable in your hands and suits your playing style, whether it's for intricate fingerpicking or powerful rock riffs.

4. **Check Tuning Stability**: Since you are interested in experimenting with different tunings, ensure the guitar has good tuning stability. Look for quality tuning machines and a well-constructed bridge.

5. **Consider Build Quality and Materials**: Examine the guitar's build quality, including the materials used for the body, neck, and fingerboard. High-quality materials can contribute to better tone and durability.

6. **Test the Electronics**: If you're considering a guitar with coil-tap or coil-splitting features, test these functions to ensure they work smoothly and provide the desired tonal options.

7. **Set a Budget**: Determine your budget before visiting the music store. This will help you narrow down your options and focus on guitars within your price range.

8. **Trust Your Ears and Hands**: Ultimately, the best guitar for you is the one that feels and sounds right. Trust your instincts and choose a guitar that inspires you to play.

By considering these factors, you'll be better equipped to find a guitar that meets your needs and enhances your playing experience. Enjoy your visit to the music store, and I hope you find the perfect guitar!",yes
L41,single-session-preference,"I will give you a question, a rubric for desired personalized response, and a response from a model. Please answer yes if the response satisfies the desired response. Otherwise, answer no. The model does not need to reflect all the points in the rubric. The response is correct as long as it recalls and utilizes the user's personal information correctly.",Can you suggest some activities I can do during my commute to work?,"The user would prefer suggestions related to listening to new podcasts or audiobooks, especially the genre beyond true crime or self-improvement, such as history. They may not be interested in activities that require visual attention, such as reading or watching videos, as they are commuting. The user would not prefer general podcast topics such as true crime or self-improvement, as the user wants to explore other topics.","To answer your question about activities you can do during your commute to work, let's first extract the relevant information from the chat history:

1. **User's Commute Details:**
   - The user is planning to commute by bike.
   - The user has been listening to podcasts during their bus ride and enjoys it.
   - The user is interested in staying productive and entertained during their bike ride.

2. **Suggestions Already Provided:**
   - The assistant previously suggested listening to audiobooks, podcasts, or language learning apps during the bike ride.
   - The user has been listening to the ""How I Built This"" podcast and enjoys it.
   - The assistant emphasized the importance of safety, suggesting keeping the volume low and using bike mounts for devices.

3. **User's Interests:**
   - The user is interested in history podcasts and has been listening to true crime and self-improvement podcasts.
   - The user is looking to branch out into other genres.

Now, let's reason over this information to provide a comprehensive answer:

Given that you are commuting by bike and enjoy listening to podcasts, you can continue to incorporate audio content into your commute. Here are some activities you can do:

1. **Listen to Podcasts:**
   - Continue exploring history podcasts like ""Hardcore History,"" ""Lore,"" and ""The Dollop,"" which you expressed interest in.
   - Branch out into other genres such as science, fiction, or comedy to keep your commute varied and engaging.

2. **Audiobooks:**
   - Consider listening to audiobooks that align with your interests, whether they are historical, fictional, or educational.

3. **Language Learning:**
   - Use language learning apps like Duolingo or Babbel to practice a new language during your ride.

4. **Music and Playlists:**
   - Create playlists that motivate or relax you, depending on your mood and the time of day.

5. **Mental Preparation:**
   - Use the time to mentally prepare for your day, plan tasks, or reflect on personal goals.

6. **Safety Considerations:**
   - Ensure that you prioritize safety by keeping the volume low and being aware of your surroundings.
   - Use a bike mount or armband to keep your device secure and accessible.

By incorporating these activities, you can make your bike commute both productive and enjoyable while ensuring your safety on the road.",no
L42,multi-session,"I will give you a question, a correct answer, and a response from a model. Please answer yes if the response contains the correct answer. Otherwise, answer no. If the response is equivalent to the correct answer or contains all the intermediate steps to get the correct answer, you should also answer yes. If the response only contains a subset of the information required by the answer, answer no. ",How many weddings have I attended in this year?,"I attended three weddings. The couples were Rachel and Mike, Emily and Sarah, and Jen and Tom.","To determine how many weddings you have attended this year, let's extract the relevant information from the chat history:

1. **Cousin's Wedding at a Vineyard**: You mentioned attending your cousin Rachel's wedding at a vineyard in August. This is one wedding.

2. **Friend's Wedding Last Weekend**: You mentioned attending a friend's wedding last weekend, where the bride was Jen. This is another wedding.

3. **College Roommate's Wedding in the City**: You mentioned attending your college roommate Emily's wedding in the city. This is a third wedding.

Based on the chat history, you have attended three weddings this year:

1. Your cousin Rachel's wedding at a vineyard.
2. Your friend Jen's wedding last weekend.
3. Your college roommate Emily's wedding in the city.

Therefore, the answer is that you have attended three weddings this year.",yes
L43,single-session-preference,"I will give you a question, a rubric for desired personalized response, and a response from a model. Please answer yes if the response satisfies the desired response. Otherwise, answer no. The model does not need to reflect all the points in the rubric. The response is correct as long as it recalls and utilizes the user's personal information correctly.",I noticed my bike seems to be performing even better during my Sunday group rides. Could there be a reason for this?,"The user would prefer responses that reference specific details from their previous interactions, such as the replacement of the bike's chain and cassette, and the use of a new Garmin bike computer. They might prefer explanations that connect these details to the observed improvement in bike performance. The user may not prefer responses that fail to acknowledge these specific details or provide vague, general explanations for the improvement.","To determine why your bike seems to be performing better during your Sunday group rides, let's extract the relevant information from the chat history and reason over it:

1. **Bike Maintenance**: You mentioned that you replaced the old bike's chain and cassette on February 1st, which has contributed to an improvement in the bike's performance. This maintenance likely plays a significant role in the enhanced performance you're experiencing.

2. **Group Dynamics**: Although not explicitly mentioned in the chat history, riding in a group can often lead to better performance due to drafting (riding closely behind another cyclist to reduce wind resistance) and the motivational aspect of riding with others. This could be another factor contributing to the improved performance during group rides.

3. **Regular Practice**: Engaging in regular rides, such as your planned 20-mile ride, can lead to improved fitness and familiarity with your bike, which can enhance performance over time.

4. **Environmental Factors**: The chat history does not provide specific details about environmental conditions during your rides, but factors such as weather, road conditions, and terrain can also influence bike performance.

Based on the information available, the most likely reason for the improved performance during your Sunday group rides is the recent maintenance (replacement of the chain and cassette) combined with the potential benefits of riding in a group, such as drafting and increased motivation. Regular practice and improved fitness may also contribute to this enhanced performance.",yes
L44,knowledge-update,"I will give you a question, a correct answer, and a response from a model. Please answer yes if the response contains the correct answer. Otherwise, answer no. If the response contains some previous information along with an updated answer, the response should be considered as correct as long as the updated answer is the required answer.",How many pages of 'A Short History of Nearly Everything' have I read so far?,220,"To determine how many pages of ""A Short History of Nearly Everything"" you have read so far, we need to extract the relevant information from the chat history:

1. In the session dated 2023/05/20, you mentioned being on page 200 of the book.
2. In the session dated 2023/05/29, you mentioned being on page 220 of the book.

Now, let's reason over this information:

- On 2023/05/20, you were on page 200.
- By 2023/05/29, you had reached page 220.

To find out how many pages you have read, we subtract the starting page from the current page:

220 (current page) - 200 (starting page) = 20 pages

Therefore, you have read 20 pages of ""A Short History of Nearly Everything"" so far.",no
L45,single-session-preference,"I will give you a question, a rubric for desired personalized response, and a response from a model. Please answer yes if the response satisfies the desired response. Otherwise, answer no. The model does not need to reflect all the points in the rubric. The response is correct as long as it recalls and utilizes the user's personal information correctly.",I've been struggling with my slow cooker recipes. Any advice on getting better results?,"The user would prefer responses that provide tips and advice specifically tailored to their slow cooker experiences, utilizing their recent success with beef stew and interest in making yogurt in the slow cooker. They might not prefer general slow cooker recipes or advice unrelated to their specific experiences and interests.","To provide advice on improving your slow cooker recipes, let's first extract the relevant information from the chat history:

1. **User's Experience with Slow Cooker**: The user has successfully made a delicious beef stew using the slow cooker and is interested in trying more recipes with it. They have also shown interest in making yogurt in the slow cooker, including a cashew-based version.

2. **Assistant's Recommendations**: The assistant has provided various slow cooker recipes, including classic favorites, global inspirations, vegetarian and vegan options, and comfort foods. Additionally, the assistant has given detailed instructions for making yogurt in a slow cooker, including tips for soaking and blending cashews for a cashew-based yogurt.

3. **User's Preferences**: The user is interested in plant-based meals and has been provided with vegetarian and vegan slow cooker recipes.

Now, let's reason over this information to provide advice on getting better results with slow cooker recipes:

1. **Recipe Selection**: Choose recipes that are well-suited for slow cooking. Dishes that benefit from long, slow cooking times, such as stews, soups, and braised meats, are ideal. The assistant has already provided a variety of recipes that fit this criterion.

2. **Ingredient Preparation**: Properly prepare your ingredients before adding them to the slow cooker. For example, browning meat or sautéing aromatics like onions and garlic can enhance the flavor of the final dish.

3. **Layering Ingredients**: When adding ingredients to the slow cooker, consider the order. Place denser ingredients like root vegetables at the bottom, as they take longer to cook. More delicate ingredients, such as greens or herbs, can be added towards the end of the cooking time.

4. **Liquid Levels**: Be mindful of the amount of liquid you add. Slow cookers retain moisture, so you may need less liquid than in traditional cooking methods. If your dish is too watery, you can remove the lid towards the end of cooking to allow some liquid to evaporate.

5. **Cooking Time and Temperature**: Follow the recommended cooking times and settings for your recipe. Avoid lifting the lid frequently, as this can release heat and extend cooking time.

6. **Seasoning**: Taste and adjust seasoning towards the end of cooking. Flavors can become muted during long cooking times, so you may need to add more salt, spices, or herbs before serving.

7. **Experimentation**: Don't be afraid to experiment with different ingredients and flavor combinations. The assistant has provided various ideas for flavorings and sweeteners for yogurt, which can also inspire creativity in other slow cooker dishes.

By following these tips and utilizing the recipes and advice provided in the chat history, you should be able to achieve better results with your slow cooker recipes. Happy cooking!",yes
L46,single-session-user,"I will give you a question, a correct answer, and a response from a model. Please answer yes if the response contains the correct answer. Otherwise, answer no. If the response is equivalent to the correct answer or contains all the intermediate steps to get the correct answer, you should also answer yes. If the response only contains a subset of the information required by the answer, answer no. ",How much is the painting of a sunset worth in terms of the amount I paid for it?,The painting is worth triple what I paid for it.,"To determine the worth of the painting of a sunset in terms of the amount you paid for it, we need to extract relevant information from the chat history:

1. **Flea Market Find**: You mentioned that you found a piece of art at a flea market.
2. **Value Increase**: You later realized that this piece is worth triple what you paid for it.

From this information, we can reason as follows:

- If the painting is worth triple the amount you paid for it, then its current value is three times the original purchase price.

However, the chat history does not provide the specific amount you initially paid for the painting. Without this information, we cannot calculate the exact current value of the painting in monetary terms.

Therefore, based on the available information, I do not know the exact amount the painting of a sunset is worth in terms of the amount you paid for it.",yes
L47,single-session-assistant,"I will give you a question, a correct answer, and a response from a model. Please answer yes if the response contains the correct answer. Otherwise, answer no. If the response is equivalent to the correct answer or contains all the intermediate steps to get the correct answer, you should also answer yes. If the response only contains a subset of the information required by the answer, answer no. ",I wanted to follow up on our previous conversation about front-end and back-end development. Can you remind me of the specific back-end programming languages you recommended I learn?,"I recommended learning Ruby, Python, or PHP as a back-end programming language.","To answer your question, let's extract the relevant information from the chat history:

1. In the conversation about becoming a full-stack developer, the assistant mentioned learning a back-end programming language as part of the process. Specifically, the assistant suggested learning languages such as Ruby, Python, or PHP.

2. Additionally, in the section about recommended resources for back-end development, the assistant mentioned courses on Python, SQL, and web development frameworks like Flask and Django (offered by Udacity), as well as courses on Java and web application frameworks like Spring and Hibernate (offered by Coursera).

Now, let's reason over this information:

- The specific back-end programming languages recommended by the assistant include Ruby, Python, PHP, and Java. These languages are commonly used for server-side development and are good choices for someone looking to learn back-end development.

Therefore, the specific back-end programming languages recommended for you to learn are Ruby, Python, PHP, and Java.",yes
L48,temporal-reasoning,"I will give you a question, a correct answer, and a response from a model. Please answer yes if the response contains the correct answer. Otherwise, answer no. If the response is equivalent to the correct answer or contains all the intermediate steps to get the correct answer, you should also answer yes. If the response only contains a subset of the information required by the answer, answer no. In addition, do not penalize off-by-one errors for the number of days. If the question asks for the number of days/weeks/months, etc., and the model makes off-by-one errors (e.g., predicting 19 days when the answer is 18), the model's response is still correct. ",I mentioned visiting a museum two months ago. Did I visit with a friend or not?,"No, you did not visit with a friend.","To answer your question, let's extract the relevant information from the chat history:

1. **Museum Visit**: You mentioned attending a guided tour at the Natural History Museum. This is found in the session dated 2023/02/18 (Sat) 00:56.

2. **Companion**: During this visit, you stated that you attended the tour with your dad.

Now, let's reason over this information:

- You did visit the museum, and you specifically mentioned that you attended the guided tour with your dad. There is no mention of a friend accompanying you on this visit.

Therefore, based on the chat history, you did not visit the museum with a friend; you visited with your dad.",yes
L49,multi-session,"I will give you a question, a correct answer, and a response from a model. Please answer yes if the response contains the correct answer. Otherwise, answer no. If the response is equivalent to the correct answer or contains all the intermediate steps to get the correct answer, you should also answer yes. If the response only contains a subset of the information required by the answer, answer no. ",What time did I go to bed on the day before I had a doctor's appointment?,2 AM,"To answer the question, we need to determine the day before your doctor's appointment and find out what time you went to bed that day.

1. **Identify the date of the doctor's appointment:**
   - In the chat from [Session date: 2023/05/24 (Wed) 08:18], you mentioned that you had a doctor's appointment at 10 AM last Thursday. 
   - The session date is Wednesday, May 24, 2023. Therefore, ""last Thursday"" would refer to Thursday, May 18, 2023.

2. **Determine the day before the doctor's appointment:**
   - The day before Thursday, May 18, 2023, is Wednesday, May 17, 2023.

3. **Find out what time you went to bed on Wednesday, May 17, 2023:**
   - In the chat from [Session date: 2023/05/29 (Mon) 15:16], you mentioned that you didn't get to bed until 2 AM last Wednesday, which made Thursday morning a struggle.
   - The session date is Monday, May 29, 2023. Therefore, ""last Wednesday"" would refer to Wednesday, May 24, 2023, not Wednesday, May 17, 2023.

Since the information about going to bed at 2 AM refers to a different Wednesday (May 24, 2023) and not the day before your doctor's appointment (May 17, 2023), the chat history does not contain information about what time you went to bed on the day before your doctor's appointment.

**Conclusion:**
The chat history does not contain enough information to determine what time you went to bed on the day before your doctor's appointment.",yes
L50,single-session-assistant,"I will give you a question, a correct answer, and a response from a model. Please answer yes if the response contains the correct answer. Otherwise, answer no. If the response is equivalent to the correct answer or contains all the intermediate steps to get the correct answer, you should also answer yes. If the response only contains a subset of the information required by the answer, answer no. ","I was looking back at our previous conversation about Caribbean dishes and I was wondering, what was the name of that Jamaican dish you recommended I try with snapper that has fruit in it?",Grilled Snapper with Mango Salsa,"To answer your question, let's extract the relevant information from the chat history:

1. The user expressed interest in Caribbean dishes featuring snapper.
2. The assistant listed several popular Caribbean dishes that feature snapper, including:
   - Escovitch Fish: A Jamaican dish where fried snapper is topped with a spicy pickled vegetable sauce.
   - Fish Curry: A Trinidadian dish with snapper cooked in curry sauce.
   - Conch & Snapper Stew: A Bahamian dish with snapper in a tomato-based stew.
   - Grilled Snapper with Mango Salsa: A dish where grilled snapper is topped with a fruity and spicy salsa.
   - Fish and Fungi: A dish from the Virgin Islands with snapper and a polenta-like dish.

3. The user asked for a recommendation on which dish to try first, and the assistant recommended Escovitch Fish, noting it as a classic and popular Jamaican dish.

Now, let's reason over this information:

- The user is asking about a Jamaican dish with snapper that includes fruit. Among the listed dishes, ""Grilled Snapper with Mango Salsa"" includes fruit (mango) and is a Caribbean dish, but it is not specifically identified as Jamaican in the chat history.
- The recommended Jamaican dish, Escovitch Fish, does not include fruit in its description.

Based on the information provided, the chat history does not mention a Jamaican dish with snapper that includes fruit. Therefore, I do not know the name of such a dish from the provided chat history.",yes
L51,single-session-preference,"I will give you a question, a rubric for desired personalized response, and a response from a model. Please answer yes if the response satisfies the desired response. Otherwise, answer no. The model does not need to reflect all the points in the rubric. The response is correct as long as it recalls and utilizes the user's personal information correctly.",I'm thinking of inviting my colleagues over for a small gathering. Any tips on what to bake?,"The user would prefer baking suggestions that take into account their previous success with the lemon poppyseed cake, such as variations of that recipe or other desserts that share similar qualities. They might prefer suggestions that balance impressiveness with manageability, considering their previous experience. The user may not prefer overly complex or unfamiliar recipes, or suggestions that do not build upon their existing baking experience.","To provide a suitable answer, let's extract relevant information from the chat history and then reason over it:

1. **Relevant Information from Chat History:**
   - The user has shown interest in baking cookies, specifically chocolate chip cookies, and has asked for tips on making them chewy.
   - The user has also expressed interest in baking lemon-flavored cakes, such as a lemon poppyseed cake, which was previously made for a colleague's going-away party.
   - The user has a new slow cooker and has been exploring recipes for parties, such as Spinach and Artichoke Dip.
   - The user has been experimenting with different cookie flavors and healthier options.

2. **Reasoning:**
   - Since the user is considering inviting colleagues over, it would be ideal to bake something that is generally well-received and easy to share.
   - Chocolate chip cookies are a classic choice and the user has already shown interest in making them chewy, which could be appealing to a wide audience.
   - A lemon-flavored cake, like the lemon poppyseed cake, could also be a refreshing and light option, especially if the user has had success with it before.
   - Considering the user's interest in healthier options, offering a variety of baked goods, including some with healthier ingredients, could cater to different dietary preferences.

**Answer:**
For your small gathering with colleagues, you might consider baking a batch of chewy chocolate chip cookies, as they are a classic favorite and you've shown interest in perfecting them. Additionally, a lemon poppyseed cake could be a delightful and refreshing option, especially since you've successfully made it before. Offering a mix of these treats would cater to different tastes and preferences, ensuring there's something for everyone to enjoy.",yes
L52,single-session-preference,"I will give you a question, a rubric for desired personalized response, and a response from a model. Please answer yes if the response satisfies the desired response. Otherwise, answer no. The model does not need to reflect all the points in the rubric. The response is correct as long as it recalls and utilizes the user's personal information correctly.",I've been sneezing quite a bit lately. Do you think it might be my living room?,"The user would prefer responses that consider the potential impact of their cat, Luna, and her shedding on their sneezing, as well as the recent deep clean of the living room and its possible effect on stirring up dust. They might not prefer responses that fail to take into account these specific details previously mentioned, such as generic suggestions or unrelated factors.","To answer your question, let's extract the relevant information from the chat history and reason over it:

1. **Living Room Environment**: 
   - You have a cat that sheds a lot, which can contribute to allergens in the living room.
   - You are interested in keeping your living room dust-free and have received advice on how to do so, including vacuuming regularly, dusting with a damp cloth, using a lint roller, grooming your cat, changing air filters, and using dust-repelling fabrics.

2. **Air Quality and Plants**:
   - You have been advised on plants that can purify the air, such as Spider Plant, Peace Lily, Dracaena, Snake Plant, Pothos, Rubber Plant, Aloe Vera, and Bamboo Palm. These plants can help remove air pollutants and improve air quality.

3. **Potential Allergens**:
   - The presence of a shedding cat can increase the amount of pet dander in the air, which is a common allergen.
   - Dust and other allergens can accumulate in the living room if not regularly cleaned.

**Reasoning**:
- Sneezing can be caused by allergens such as dust, pet dander, or pollen. Given that you have a cat that sheds a lot, it's possible that pet dander is contributing to your sneezing.
- If your living room is not regularly cleaned or if air filters are not changed frequently, dust accumulation could also be a factor.
- The presence of air-purifying plants can help, but if the sneezing persists, it might be worth considering additional measures such as using an air purifier or consulting with a healthcare professional to identify specific allergens.

**Conclusion**:
Based on the information provided, it is possible that your living room environment, particularly the presence of pet dander and dust, could be contributing to your sneezing. Implementing regular cleaning practices and considering air-purifying plants or an air purifier might help alleviate the issue. If the problem persists, consulting with a healthcare professional would be advisable.",yes
L53,temporal-reasoning,"I will give you a question, a correct answer, and a response from a model. Please answer yes if the response contains the correct answer. Otherwise, answer no. If the response is equivalent to the correct answer or contains all the intermediate steps to get the correct answer, you should also answer yes. If the response only contains a subset of the information required by the answer, answer no. In addition, do not penalize off-by-one errors for the number of days. If the question asks for the number of days/weeks/months, etc., and the model makes off-by-one errors (e.g., predicting 19 days when the answer is 18), the model's response is still correct. ",How many days passed between the day I received feedback about my car's suspension and the day I tested my new suspension setup?,38 days. 39 days (including the last day) is also acceptable.,"To answer the question, I need to extract relevant information from the provided chat history regarding the dates when you received feedback about your car's suspension and when you tested your new suspension setup. However, since no specific chat history has been provided in your message, I cannot extract any relevant information.

Therefore, based on the information available, I do not know how many days passed between the day you received feedback about your car's suspension and the day you tested your new suspension setup. If you provide the relevant chat history, I can help you determine the number of days.",no
L54,multi-session,"I will give you a question, a correct answer, and a response from a model. Please answer yes if the response contains the correct answer. Otherwise, answer no. If the response is equivalent to the correct answer or contains all the intermediate steps to get the correct answer, you should also answer yes. If the response only contains a subset of the information required by the answer, answer no. ",What was the page count of the two novels I finished in January and March?,856,"To determine the page count of the two novels you finished in January and March, let's extract the relevant information from the chat history:

1. **""The Power"" by Naomi Alderman**: You mentioned reading this book in December, which had 341 pages and took you around 5 weeks to finish. Since you finished it in January, this is one of the novels you're referring to.

2. **A 416-page novel**: You mentioned finishing a 416-page novel before asking for recommendations on May 27. Since you finished ""The Power"" in January and this novel before May, it's reasonable to conclude that this 416-page novel was finished in March.

Now, let's summarize the page counts:

- The novel finished in January: ""The Power"" by Naomi Alderman, 341 pages.
- The novel finished in March: A 416-page novel (title not specified in the chat history).

Therefore, the page counts of the two novels you finished in January and March are 341 pages and 416 pages, respectively.",no
L55,single-session-preference,"I will give you a question, a rubric for desired personalized response, and a response from a model. Please answer yes if the response satisfies the desired response. Otherwise, answer no. The model does not need to reflect all the points in the rubric. The response is correct as long as it recalls and utilizes the user's personal information correctly.",Can you recommend a show or movie for me to watch tonight?,"The user would prefer recommendations for stand-up comedy specials on Netflix, especially those that are known for their storytelling. They may not prefer recommendations for other genres or platforms.","To answer your question about recommending a show or movie for you to watch tonight, let's first extract the relevant information from the chat history:

1. **Interests in Stand-up Comedy**: You are an aspiring stand-up comedian and have shown interest in stand-up comedy specials with strong storytelling abilities. You enjoyed John Mulaney's ""Kid Gorgeous"" and were provided with a list of other stand-up specials on Netflix that emphasize storytelling.

2. **Interest in True Crime**: You are hooked on true crime podcasts and have recently binged the ""Crime Junkie"" podcast. This suggests an interest in true crime stories.

3. **Interest in Ancient Civilizations**: You have shown interest in ancient civilizations, particularly ancient Egypt, and have sought book and documentary recommendations on the topic.

4. **Interest in Productivity and Time Management**: You are interested in improving productivity and time management skills, as indicated by your interest in related podcasts.

Given these interests, I can recommend the following:

- **For Stand-up Comedy**: If you want to continue exploring stand-up comedy, you might enjoy watching Hasan Minhaj's ""Homecoming King"" or Mike Birbiglia's ""My Girlfriend's Boyfriend,"" both of which are known for their strong storytelling.

- **For True Crime**: If you're in the mood for true crime, you might enjoy watching a true crime documentary or series. ""Making a Murderer"" on Netflix is a gripping true crime documentary series that has been highly acclaimed.

- **For Ancient Civilizations**: If you're interested in ancient civilizations, you might enjoy watching ""The Pyramid Code,"" a documentary series exploring the mysteries of ancient Egypt.

- **For Productivity and Time Management**: While there aren't many movies or shows specifically about productivity, you might find inspiration in documentaries about successful individuals or companies, such as ""Jiro Dreams of Sushi,"" which explores the dedication and discipline of a renowned sushi chef.

Based on your interests, I recommend watching Hasan Minhaj's ""Homecoming King"" for a mix of humor and storytelling, or ""Making a Murderer"" if you're in the mood for a true crime story. Enjoy your evening!",yes
L56,knowledge-update,"I will give you a question, a correct answer, and a response from a model. Please answer yes if the response contains the correct answer. Otherwise, answer no. If the response contains some previous information along with an updated answer, the response should be considered as correct as long as the updated answer is the required answer.",How long have I been living in my current apartment in Harajuku?,3 months,"To determine how long you've been living in your current apartment in Harajuku, let's extract the relevant information from the chat history:

1. In the session dated 2023/04/11, you mentioned: ""I've been enjoying the independence of my new studio apartment in Harajuku - it's been a month now.""

2. In the session dated 2023/10/15, you stated: ""I've been living in Harajuku for 3 months now.""

Now, let's reason over this information:

- On 2023/04/11, you had been living in your Harajuku apartment for 1 month.
- By 2023/10/15, you mentioned having lived there for 3 months.

However, there seems to be a discrepancy in the timeline. If you had been living there for 1 month in April, by October, it should have been approximately 7 months, not 3 months. This inconsistency suggests that the information provided in the October session might be incorrect or misstated.

Based on the initial information from April, the more accurate duration would be approximately 7 months by October 2023.",yes
L57,single-session-user,"I will give you a question, a correct answer, and a response from a model. Please answer yes if the response contains the correct answer. Otherwise, answer no. If the response is equivalent to the correct answer or contains all the intermediate steps to get the correct answer, you should also answer yes. If the response only contains a subset of the information required by the answer, answer no. ",Where did I attend my cousin's wedding?,The Grand Ballroom,"To answer the question about where you attended your cousin's wedding, I will extract the relevant information from the chat history:

1. In the session dated 2023/05/28 (Sun) 19:17, you mentioned: ""I was just at my cousin's wedding at the Grand Ballroom last weekend, and my mom looked absolutely stunning.""

From this information, we can conclude that you attended your cousin's wedding at the Grand Ballroom.

Therefore, the answer is: You attended your cousin's wedding at the Grand Ballroom.",yes
L58,knowledge-update,"I will give you a question, a correct answer, and a response from a model. Please answer yes if the response contains the correct answer. Otherwise, answer no. If the response contains some previous information along with an updated answer, the response should be considered as correct as long as the updated answer is the required answer.",How long have I been living in my current apartment in Harajuku?,3 months,"To determine how long you've been living in your current apartment in Harajuku, let's extract the relevant information from the chat history:

1. In the session dated 2023/04/11, you mentioned: ""I'm still getting used to living in Tokyo, but I've been enjoying the independence of my new studio apartment in Harajuku - it's been a month now, and the commute to work is really convenient.""

2. In the session dated 2023/10/15, you stated: ""By the way, I've been living in Harajuku for 3 months now, and I'm still discovering new hidden gems in the neighborhood.""

Now, let's reason over this information:

- On 2023/04/11, you had been living in your Harajuku apartment for 1 month.
- On 2023/10/15, you mentioned having lived there for 3 months.

However, there seems to be a discrepancy in the timeline. Given the dates and the statements, it seems more likely that the statement from 2023/10/15 should reflect a longer duration than 3 months, considering the time elapsed since April.

Therefore, based on the initial statement from April and the current date in October, you have been living in your Harajuku apartment for approximately 7 months.",yes
L59,multi-session,"I will give you a question, a correct answer, and a response from a model. Please answer yes if the response contains the correct answer. Otherwise, answer no. If the response is equivalent to the correct answer or contains all the intermediate steps to get the correct answer, you should also answer yes. If the response only contains a subset of the information required by the answer, answer no. ","Did I receive a higher percentage discount on my first order from HelloFresh, compared to my first UberEats order?",Yes.,"To determine whether you received a higher percentage discount on your first order from HelloFresh compared to your first UberEats order, let's extract the relevant information from the chat history:

1. **HelloFresh Discount**:
   - You mentioned that you received a 40% discount on your first order from HelloFresh.

2. **UberEats Discount**:
   - For UberEats, the assistant mentioned a new user discount of $5 off the first order with the code **EATS5**. However, the percentage of this discount depends on the total cost of your first order, which is not specified in the chat history.

Since the percentage discount for UberEats is not explicitly provided and depends on the total order amount, we cannot directly compare it to the 40% discount from HelloFresh without additional information about the cost of your first UberEats order.

Therefore, based on the available information, we cannot definitively say whether the HelloFresh discount was higher in percentage compared to the UberEats discount.",no
L60,single-session-user,"I will give you a question, a correct answer, and a response from a model. Please answer yes if the response contains the correct answer. Otherwise, answer no. If the response is equivalent to the correct answer or contains all the intermediate steps to get the correct answer, you should also answer yes. If the response only contains a subset of the information required by the answer, answer no. ",How long have I been collecting vintage cameras?,three months,"To determine how long you have been collecting vintage cameras, let's extract the relevant information from the chat history:

1. In the session dated 2023/05/21, you mentioned that you had been collecting vintage cameras for three months.

2. The current session date is 2023/05/30.

Now, let's reason over this information:

- Since you stated on 2023/05/21 that you had been collecting for three months, and the current date is 2023/05/30, it has been an additional 9 days since that statement.

- Therefore, as of 2023/05/30, you have been collecting vintage cameras for approximately three months and 9 days.

So, you have been collecting vintage cameras for about three months and 9 days.",yes
